<messagebundle>
   <msg name="add_experiment_row">Add experiment row</msg>
   <msg name="and">and</msg>
   <msg name="available">available</msg>
   <msg name="cancel">Cancel</msg>
   <msg name="confirm">Confirm</msg>
   <msg name="continue">Continue</msg>
   <msg name="delete">Delete</msg>
   <msg name="enter_number">Number</msg>
   <msg name="enter_text">Text</msg>
   <msg name="enter_value">Value</msg>
   <msg name="experiment">Experiment</msg>
   <msg name="experiment_data">Experiment data</msg>
   <msg name="experiment_design">Experiment Design</msg>

   <msg name="instruction_add_trial">Press <i class="fa fa-plus"></i> to add an experimental trial to your design.</msg>
   <msg name="instruction_drag_variables">Select and drag properties to "Vary" or to "Keep constant", and select and drag variables you want to measure to "Measure".</msg>
   <msg name="instruction_enter_results">You can enter results for the experimental trials. Once the result of a trial has been entered, it will be saved in the table <i class="fa fa-table"></i> where you can analyse all your conducted experiments and sort them ascending or descending per variable.</msg>
   <msg name="instruction_enter_values">Enter values for all properties in the experimental trials.</msg>
   <msg name="instruction_finished">You have completed this set of experimental trials.  You can add additional trials, analyse the results with <i class="fa fa-table"></i>, or create a new set of experiments with <i class="fa fa-eraser"></i>.</msg>

   <msg name="keep_constant">Keep constant</msg>
   <msg name="lab">Lab</msg>
   <msg name="language">en</msg>
   <msg name="measure">Measure</msg>
   <msg name="measures">Measures</msg>
   <msg name="ok">OK</msg>
   <msg name="properties">Properties</msg>
   <msg name="really_clear_design">Not all experiments have been completed. Do you really want to clear this design and create a new one?</msg>
   <msg name="remark">Remark</msg>
   <msg name="specify_value">Specify value for</msg>
   <msg name="title_experiments_dialog">Conducted experimental trials</msg>
   <msg name="tooltip_completed_variable">Value is part of a completed experiment</msg>
   <msg name="tooltip_delete_experiment_trial">Delete this experimental trial</msg>
   <msg name="tooltip_drop_control">Drop properties you want to keep constant here</msg>
   <msg name="tooltip_drop_dependent">Drop measures here</msg>
   <msg name="tooltip_drop_independent">Drop properties you want to vary here</msg>
   <msg name="tooltip_edit_configuration">Edit the configuration</msg>
   <msg name="tooltip_edit_variable">Click to specify the value of this variable</msg>
   <msg name="tooltip_help">View help</msg>
   <msg name="tooltip_hide_available_variables">Hide available properties and measures</msg>
   <msg name="tooltip_measures_list">Drag measures to "Measure"</msg>
   <msg name="tooltip_new_design">Delete the current design and start with a new one. You will still be able to view the experiments you already conducted in the history table</msg>
   <msg name="tooltip_properties_list">Drag properties to "Vary" or "Keep constant"</msg>
   <msg name="tooltip_show_about">About this tool ...</msg>
   <msg name="tooltip_show_available_variables">Show available properties and measures</msg>
   <msg name="tooltip_view_experiments">View the experimental trials you conducted</msg>
   <msg name="vary">Vary</msg>
   <msg name="warning">Warning</msg>
</messagebundle>
